facet,stem_text,drift_flag,readability_flag,length_flag
Analytical Reasoning,I solve problems by dividing them into clear steps.,0,0,0
Analytical Reasoning,I handle problems by breaking them down into manageable steps.,0,0,0
Analytical Reasoning,I tackle issues by splitting them into clear parts.,0,0,0
Analytical Reasoning,I work through problems by separating them into clear stages.,0,0,0
Analytical Reasoning,I manage problems by dividing them into easy steps.,0,0,0
Analytical Reasoning,I deal with problems by turning them into clear steps.,0,0,0
Analytical Reasoning,I approach problems by breaking them into understandable steps.,0,0,0
Analytical Reasoning,I resolve issues by organizing them into clear phases.,0,0,0
Analytical Reasoning,I confront problems by dividing them into clear steps.,0,0,0
Analytical Reasoning,I figure out problems by breaking them into parts.,0,0,0
Analytical Reasoning,I navigate problems by separating them into clear steps.,0,0,0
Analytical Reasoning,I clarify problems by splitting them into simple steps.,0,0,0
Analytical Reasoning,I handle challenges by dividing them into clear steps.,0,0,0
Analytical Reasoning,I solve issues by breaking them down into understandable steps.,0,0,0
Analytical Reasoning,I work on problems by organizing them into clear steps.,0,0,0
Analytical Reasoning,I deal with challenges by dividing them into easy steps.,0,0,0
Analytical Reasoning,I address issues by breaking them into clear sections.,0,0,0
Analytical Reasoning,I approach challenges by dividing them into simple steps.,0,0,0
Analytical Reasoning,I face problems by organizing them into clear steps.,0,0,0
Analytical Reasoning,I tackle problems by breaking them into distinct steps.,0,0,0
Analytical Reasoning,I handle situations by dividing them into clear steps.,0,0,0
Analytical Reasoning,I resolve problems by separating them into easy parts.,0,0,0
Analytical Reasoning,I manage challenges by breaking them into clear steps.,0,0,0
Analytical Reasoning,I confront issues by organizing them into simple steps.,0,0,0
Analytical Reasoning,I work through challenges by dividing them into clear phases.,0,0,0
Analytical Reasoning,I solve problems by splitting them into clear stages.,0,0,0
Analytical Reasoning,I address challenges by breaking them into manageable steps.,0,0,0
Systems Perspective,I understand how pieces come together to form a complete picture.,0,0,0
Systems Perspective,I notice how different elements make a whole.,0,0,0
Systems Perspective,I recognize how various parts combine to make something complete.,0,0,0
Systems Perspective,I see how individual sections create a unified whole.,0,0,0
Systems Perspective,I perceive how components fit together to form a complete unit.,0,0,0
Systems Perspective,I grasp how separate parts connect to make a full picture.,0,0,0
Systems Perspective,I comprehend how elements join to create a whole.,0,0,0
Systems Perspective,I realize how different pieces work together to form a complete structure.,0,0,0
Systems Perspective,I observe how parts link to create something complete.,0,0,0
Systems Perspective,I notice how different sections contribute to a full picture.,0,0,0
Systems Perspective,I see how pieces align to form a complete image.,0,0,0
Systems Perspective,I recognize how each part plays a role in the whole.,0,0,0
Systems Perspective,I understand how components fit together in a complete form.,0,0,0
Systems Perspective,I realize how sections blend to make a whole.,0,0,0
Systems Perspective,I observe how different pieces fit into a complete structure.,0,0,0
Systems Perspective,I perceive how individual parts create a complete image.,0,0,0
Systems Perspective,I grasp how various sections combine to form a whole.,0,0,0
Systems Perspective,I comprehend how pieces fit together to make something complete.,0,0,0
Systems Perspective,I notice how elements join to create a full picture.,0,0,0
Systems Perspective,I recognize how parts connect to form a complete unit.,0,0,0
Systems Perspective,I see how each section contributes to the whole.,0,0,0
Systems Perspective,I realize how different elements create a complete structure.,0,0,0
Systems Perspective,I understand how parts come together to form a complete image.,0,0,0
Systems Perspective,I observe how sections work together to make a whole.,0,0,0
Systems Perspective,I perceive how different pieces create a complete unit.,0,0,0
Systems Perspective,I grasp how parts align to form something complete.,0,0,0
Systems Perspective,I comprehend how elements fit together to create a full picture.,0,0,0
Systems Perspective,I recognize how individual pieces contribute to a complete whole.,0,0,0
Foresight,I expect what will happen next.,0,0,0
Foresight,I think about what might occur later.,0,0,0
Foresight,I foresee what could come in the future.,0,0,0
Foresight,I look ahead to upcoming events.,0,0,0
Foresight,I imagine what will happen soon.,0,0,0
Foresight,I consider possible future results.,0,0,0
Foresight,I plan for what is coming next.,0,0,0
Foresight,I predict what may happen later.,0,0,0
Foresight,I guess what the future holds.,0,0,0
Foresight,I prepare for future situations.,0,0,0
Foresight,I envision future possibilities.,0,0,0
Foresight,I look forward to what will happen.,0,0,0
Foresight,I project future events in my mind.,0,0,0
Foresight,I think about future scenarios.,0,0,0
Foresight,I expect future developments.,0,0,0
Foresight,I try to foresee upcoming changes.,0,0,0
Foresight,I picture what may occur next.,0,0,0
Foresight,I anticipate what lies ahead.,0,0,0
Foresight,I keep future outcomes in mind.,0,0,0
Foresight,I reflect on what could happen soon.,0,0,0
Foresight,I speculate about future happenings.,0,0,0
Foresight,I ponder on future outcomes.,0,0,0
Foresight,I await what the future brings.,0,0,0
Foresight,I focus on upcoming possibilities.,0,0,0
Foresight,I keep an eye on future trends.,0,0,0
Foresight,I think about what will unfold.,0,0,0
Foresight,I consider what the future might bring.,0,0,0
Foresight,I plan for what will happen.,0,0,0
Curiosity,I like discovering fresh concepts.,0,0,0
Curiosity,I love learning about novel ideas.,0,0,0
Curiosity,I am keen on finding new thoughts.,0,0,0
Curiosity,I am interested in uncovering new ideas.,0,0,0
Curiosity,I am fond of exploring different concepts.,0,0,0
Curiosity,I enjoy investigating new theories.,0,0,0
Curiosity,I find joy in seeking out new ideas.,0,0,0
Curiosity,I take pleasure in discovering innovative thoughts.,0,0,0
Curiosity,I am enthusiastic about exploring fresh ideas.,0,0,0
Curiosity,I like to delve into new concepts.,0,0,0
Curiosity,I appreciate learning about different ideas.,0,0,0
Curiosity,I enjoy examining new philosophies.,0,0,0
Curiosity,I delight in discovering new insights.,0,0,0
Curiosity,I am passionate about finding new ideas.,0,0,0
Curiosity,I enjoy uncovering fresh concepts.,0,0,0
Curiosity,I am curious about new ideas.,0,0,0
Curiosity,I enjoy learning about different ways of thinking.,0,0,0
Curiosity,I like exploring different perspectives.,0,0,0
Curiosity,I take pleasure in finding fresh ideas.,0,0,0
Curiosity,I am interested in new ways of thinking.,0,0,0
Curiosity,I enjoy discovering unique ideas.,0,0,0
Curiosity,I am curious to learn about new concepts.,0,0,0
Curiosity,I find excitement in exploring new ideas.,0,0,0
Curiosity,I relish uncovering new thoughts.,0,0,0
Curiosity,I have a passion for exploring new ideas.,0,0,0
Curiosity,I enjoy seeking out new perspectives.,0,0,0
Curiosity,I am excited to learn about new ideas.,0,0,0
Reflective Learning,I reflect on my learning experiences.,0,0,0
Reflective Learning,I consider the things I've learned.,0,0,0
Reflective Learning,I review the lessons I've absorbed.,0,0,0
Reflective Learning,I focus on my acquired knowledge.,0,0,0
Reflective Learning,I ponder over my recent learning.,0,0,0
Reflective Learning,I recall the information I've gained.,0,0,0
Reflective Learning,I think back on what I've studied.,0,0,0
Reflective Learning,I contemplate my learning journey.,0,0,0
Reflective Learning,I evaluate the knowledge I've received.,0,0,0
Reflective Learning,I go over what I've learned.,0,0,0
Reflective Learning,I analyze my educational progress.,0,0,0
Reflective Learning,I remember the concepts I've grasped.,0,0,0
Reflective Learning,I look back at my learning.,0,0,0
Reflective Learning,I assess the things I've learned.,0,0,0
Reflective Learning,I revisit the knowledge I've acquired.,0,0,0
Reflective Learning,I keep in mind what I've learned.,0,0,0
Reflective Learning,I think about the insights I've gained.,0,0,0
Reflective Learning,I consider how much I've learned.,0,0,0
Reflective Learning,I reflect on my gained knowledge.,0,0,0
Reflective Learning,I review the skills I've learned.,0,0,0
Reflective Learning,I focus on what I've been taught.,0,0,0
Reflective Learning,I ponder the lessons I've learned.,0,0,0
Reflective Learning,I contemplate the information I've gained.,0,0,0
Reflective Learning,I evaluate what I've studied.,0,0,0
Reflective Learning,I recall my learning experiences.,0,0,0
Reflective Learning,I think over what I've learned.,0,0,0
Reflective Learning,I consider my recent studies.,0,0,0
Sense-Making,I make data easy to understand.,0,0,0
Sense-Making,I transform data into simple stories.,0,0,0
Sense-Making,I convert data into clear narratives.,0,0,0
Sense-Making,I change data into easy-to-follow stories.,0,0,0
Sense-Making,I help make data stories understandable.,0,0,0
Sense-Making,I turn complex data into simple tales.,0,0,0
Sense-Making,I create clear stories from data.,0,0,0
Sense-Making,I explain data through storytelling.,0,0,0
Sense-Making,I shape data into coherent stories.,0,0,0
Sense-Making,I organize data into clear narratives.,0,0,0
Sense-Making,I bring clarity to data through stories.,0,0,0
Sense-Making,I tell stories with data.,0,0,0
Sense-Making,I use data to tell clear stories.,0,0,0
Sense-Making,I simplify data into clear stories.,0,0,0
Sense-Making,I craft stories from data.,0,0,0
Sense-Making,I present data as easy stories.,0,0,0
Sense-Making,I turn data into understandable stories.,0,0,0
Sense-Making,I make stories from data.,0,0,0
Sense-Making,I communicate data through clear stories.,0,0,0
Sense-Making,I write simple stories from data.,0,0,0
Sense-Making,I express data as clear stories.,0,0,0
Sense-Making,I develop clear stories from data.,0,0,0
Sense-Making,I form clear stories using data.,0,0,0
Sense-Making,I give data a clear story.,0,0,0
Sense-Making,I relate data in clear stories.,0,0,0
Sense-Making,I transform complex data into clear stories.,0,0,0
Sense-Making,I narrate data in an easy-to-understand way.,0,0,0
Ideation,I come up with ideas fast.,0,0,0
Ideation,I quickly think of many ideas.,0,0,0
Ideation,I have many ideas in a short time.,0,0,0
Ideation,I think of ideas rapidly.,0,0,0
Ideation,I create ideas quickly.,0,0,0
Ideation,I quickly generate lots of ideas.,0,0,0
Ideation,I am fast at coming up with ideas.,0,0,0
Ideation,I produce many ideas in a short period.,0,0,0
Ideation,I quickly think of new ideas.,0,0,0
Ideation,I have a rapid flow of ideas.,0,0,0
Ideation,I can create ideas in no time.,0,0,0
Ideation,I quickly develop a variety of ideas.,0,0,0
Ideation,I am quick at generating ideas.,0,0,0
Ideation,I easily come up with many ideas.,0,0,0
Ideation,I rapidly think of multiple ideas.,0,0,0
Ideation,I generate a lot of ideas quickly.,0,0,0
Ideation,I quickly imagine many ideas.,0,0,0
Ideation,I am fast at thinking up ideas.,0,0,0
Ideation,I have a quick mind for ideas.,0,0,0
Ideation,I can quickly produce many ideas.,0,0,0
Ideation,I quickly form different ideas.,0,0,0
Ideation,I think up ideas quickly.,0,0,0
Ideation,I have a fast idea generation process.,0,0,0
Ideation,I quickly brainstorm many ideas.,0,0,0
Ideation,I rapidly create various ideas.,0,0,0
Ideation,I can quickly come up with ideas.,0,0,0
Ideation,I think of ideas swiftly.,0,0,0
Ideation,I am quick to generate new ideas.,0,0,0
Innovation,I make my ideas come to life with real projects.,0,0,0
Innovation,I transform my ideas into actual projects.,0,0,0
Innovation,I bring my ideas to reality through projects.,0,0,0
Innovation,I develop real projects from my ideas.,0,0,0
Innovation,I create projects based on my ideas.,0,0,0
Innovation,I bring my ideas into real-world projects.,0,0,0
Innovation,I turn my ideas into practical projects.,0,0,0
Innovation,I realize my ideas by creating projects.,0,0,0
Innovation,I convert my ideas into projects.,0,0,0
Innovation,I change my ideas into projects that exist.,0,0,0
Innovation,I use my ideas to build real projects.,0,0,0
Innovation,I make projects happen from my ideas.,0,0,0
Innovation,I take my ideas and make them into projects.,0,0,0
Innovation,I shape my ideas into projects.,0,0,0
Innovation,I give life to my ideas with projects.,0,0,0
Innovation,I work on projects that start from my ideas.,0,0,0
Innovation,I bring projects to fruition from my ideas.,0,0,0
Innovation,I implement my ideas as real projects.,0,0,0
Innovation,I carry out my ideas by making projects.,0,0,0
Innovation,I actualize my ideas through projects.,0,0,0
Innovation,I make my thoughts into projects.,0,0,0
Innovation,I craft projects from my ideas.,0,0,0
Innovation,I execute projects based on my ideas.,0,0,0
Innovation,I translate my ideas into projects.,0,0,0
Innovation,I bring projects to life from my ideas.,0,0,0
Innovation,I produce projects from my ideas.,0,0,0
Innovation,I turn creative ideas into real projects.,0,0,0
Innovation,I realize my thoughts in the form of projects.,0,0,0
Aesthetic Sensitivity,I pay attention to small design details.,0,0,0
Aesthetic Sensitivity,I observe the little details in designs.,0,0,0
Aesthetic Sensitivity,I see the small elements in design work.,0,0,0
Aesthetic Sensitivity,I spot tiny design features.,0,0,0
Aesthetic Sensitivity,I look at the fine details in designs.,0,0,0
Aesthetic Sensitivity,I focus on the minor aspects of a design.,0,0,0
Aesthetic Sensitivity,I catch the small design elements.,0,0,0
Aesthetic Sensitivity,I am aware of the little parts in a design.,0,0,0
Aesthetic Sensitivity,I notice the intricate details in designs.,0,0,0
Aesthetic Sensitivity,I pay close attention to design subtleties.,0,0,0
Aesthetic Sensitivity,I am attentive to the finer points in designs.,0,0,0
Aesthetic Sensitivity,I pick up on small design features.,0,0,0
Aesthetic Sensitivity,I see the fine points in design work.,0,0,0
Aesthetic Sensitivity,I identify small details in design.,0,0,0
Aesthetic Sensitivity,I observe the subtle design elements.,0,0,0
Aesthetic Sensitivity,I am mindful of the minor design details.,0,0,0
Aesthetic Sensitivity,I catch the little design nuances.,0,0,0
Aesthetic Sensitivity,I focus on the tiny details in designs.,0,0,0
Aesthetic Sensitivity,I notice the small features in a design.,0,0,0
Aesthetic Sensitivity,I pay attention to the minor parts of a design.,0,0,0
Aesthetic Sensitivity,I am aware of the small design specifics.,0,0,0
Aesthetic Sensitivity,I see the small details in designs.,0,0,0
Aesthetic Sensitivity,I spot the subtle elements in design.,0,0,0
Aesthetic Sensitivity,I look for the fine details in designs.,0,0,0
Aesthetic Sensitivity,I focus on the small aspects of design work.,0,0,0
Aesthetic Sensitivity,I observe the tiny features in a design.,0,0,0
Aesthetic Sensitivity,I am attentive to the small points in designs.,0,0,0
Aesthetic Sensitivity,I notice the little things in design work.,0,0,0
Improvisation,I adjust when plans are different.,0,0,0
Improvisation,I go with the flow when things change.,0,0,0
Improvisation,I am flexible when plans need to change.,0,0,0
Improvisation,I handle changes to plans well.,0,0,0
Improvisation,I easily adapt when plans are altered.,0,0,0
Improvisation,I smoothly adjust to new plans.,0,0,0
Improvisation,I manage well when plans shift.,0,0,0
Improvisation,I am good at adjusting to changes in plans.,0,0,0
Improvisation,I change my plans when needed.,0,0,0
Improvisation,I am comfortable with changing plans.,0,0,0
Improvisation,I can adapt when plans are not the same.,0,0,0
Improvisation,I adjust when there are changes to plans.,0,0,0
Improvisation,I am okay with plans being different.,0,0,0
Improvisation,I handle changes in plans without problems.,0,0,0
Improvisation,I am able to adapt to new plans.,0,0,0
Improvisation,I am fine with plans changing.,0,0,0
Improvisation,I can go along with plan changes.,0,0,0
Improvisation,I adjust my plans when necessary.,0,0,0
Improvisation,I accept changes to plans easily.,0,0,0
Improvisation,I can handle it when plans change.,0,0,0
Improvisation,I am quick to adapt to plan changes.,0,0,0
Improvisation,I don't mind when plans are different.,0,0,0
Improvisation,I adapt well to changes in plans.,0,0,0
Improvisation,I am used to plans changing.,0,0,0
Improvisation,I find it easy to adjust when plans change.,0,0,0
Improvisation,I am good at going along with new plans.,0,0,0
Improvisation,I can easily switch when plans change.,0,0,0
Improvisation,I am flexible with changes to plans.,0,0,0
Experimentation,I try out ideas to find out what is effective.,0,0,0
Experimentation,I experiment with ideas to understand what works.,0,0,0
Experimentation,I explore ideas to see which ones succeed.,0,0,0
Experimentation,I test different ideas to see their results.,0,0,0
Experimentation,I assess ideas to discover what is useful.,0,0,0
Experimentation,I try different ideas to learn what is effective.,0,0,0
Experimentation,I check ideas to see how they perform.,0,0,0
Experimentation,I validate ideas to find out what functions well.,0,0,0
Experimentation,I evaluate ideas to know what works.,0,0,0
Experimentation,I test concepts to see which are successful.,0,0,0
Experimentation,I try new ideas to understand what is effective.,0,0,0
Experimentation,I experiment with different ideas to see what works.,0,0,0
Experimentation,I check out ideas to learn what is effective.,0,0,0
Experimentation,I test out ideas to see what gives good results.,0,0,0
Experimentation,I examine ideas to know what is effective.,0,0,0
Experimentation,I explore new ideas to see what works.,0,0,0
Experimentation,I experiment with ideas to see their effectiveness.,0,0,0
Experimentation,I trial ideas to determine what is effective.,0,0,0
Experimentation,I try out new ideas to see what works best.,0,0,0
Experimentation,I test different concepts to see their effectiveness.,0,0,0
Experimentation,I assess new ideas to find out what is useful.,0,0,0
Experimentation,I analyze ideas to see what works well.,0,0,0
Experimentation,I try various ideas to learn which ones work.,0,0,0
Experimentation,I test ideas to find out their effectiveness.,0,0,0
Experimentation,I try ideas to see how well they work.,0,0,0
Experimentation,I experiment with ideas to find out what works.,0,0,0
Experimentation,I try new concepts to see which are effective.,0,0,0
Experimentation,I test different approaches to see what succeeds.,0,0,0
Synthesising,I create new concepts from different ideas.,0,0,0
Synthesising,I mix ideas to form new concepts.,0,0,0
Synthesising,I develop new concepts by combining ideas.,0,0,0
Synthesising,I make new concepts by joining ideas.,0,0,0
Synthesising,I link ideas to generate new concepts.,0,0,0
Synthesising,I turn ideas into new concepts.,0,0,0
Synthesising,I use ideas to create new concepts.,0,0,0
Synthesising,I put ideas together to make new concepts.,0,0,0
Synthesising,I blend ideas to create new concepts.,0,0,0
Synthesising,I fuse ideas to make new concepts.,0,0,0
Synthesising,I join ideas to form new concepts.,0,0,0
Synthesising,I integrate ideas into new concepts.,0,0,0
Synthesising,I connect ideas to produce new concepts.,0,0,0
Synthesising,I shape new concepts from various ideas.,0,0,0
Synthesising,I organize ideas into new concepts.,0,0,0
Synthesising,I assemble ideas to form new concepts.,0,0,0
Synthesising,I craft new concepts by mixing ideas.,0,0,0
Synthesising,I synthesize ideas to develop new concepts.,0,0,0
Synthesising,I construct new concepts from ideas.,0,0,0
Synthesising,I gather ideas to create new concepts.,0,0,0
Synthesising,I invent new concepts by combining ideas.,0,0,0
Synthesising,I form new concepts through the fusion of ideas.,0,0,0
Synthesising,I merge ideas into new concepts.,0,0,0
Synthesising,I design new concepts by linking ideas.,0,0,0
Synthesising,I fashion new concepts from joined ideas.,0,0,0
Synthesising,I rework ideas into new concepts.,0,0,0
Synthesising,I derive new concepts from connecting ideas.,0,0,0
Synthesising,I transform ideas into new concepts.,0,0,0
Achievement Focus,I set my sights on difficult goals.,0,0,0
Achievement Focus,I strive to achieve ambitious targets.,0,0,0
Achievement Focus,I go for goals that are challenging.,0,0,0
Achievement Focus,I work towards tough objectives.,0,0,0
Achievement Focus,I focus on reaching demanding goals.,0,0,0
Achievement Focus,I seek to accomplish challenging aims.,0,0,0
Achievement Focus,I pursue ambitious goals.,0,0,0
Achievement Focus,I aim to achieve hard goals.,0,0,0
Achievement Focus,I set challenging targets for myself.,0,0,0
Achievement Focus,I work towards ambitious goals.,0,0,0
Achievement Focus,I focus on achieving difficult goals.,0,0,0
Achievement Focus,I strive to reach high targets.,0,0,0
Achievement Focus,I set ambitious goals for myself.,0,0,0
Achievement Focus,I aim to accomplish tough objectives.,0,0,0
Achievement Focus,I pursue challenging targets.,0,0,0
Achievement Focus,I have a goal to achieve difficult tasks.,0,0,0
Achievement Focus,I aim to reach challenging objectives.,0,0,0
Achievement Focus,I work hard to achieve ambitious goals.,0,0,0
Achievement Focus,I focus on setting and meeting high goals.,0,0,0
Achievement Focus,I strive for demanding targets.,0,0,0
Achievement Focus,I aim for goals that are hard to reach.,0,0,0
Achievement Focus,I pursue goals that challenge me.,0,0,0
Achievement Focus,I work towards achieving difficult aims.,0,0,0
Achievement Focus,I focus on ambitious achievements.,0,0,0
Achievement Focus,I strive to accomplish challenging tasks.,0,0,0
Achievement Focus,I set my goals high.,0,0,0
Achievement Focus,I aim for hard-to-reach targets.,0,0,0
Achievement Focus,I pursue difficult objectives.,0,0,0
Discipline,I complete a task once I start it.,0,0,0
Discipline,I finish what I begin.,0,0,0
Discipline,I work on a task until it's done.,0,0,0
Discipline,I see tasks through to the end.,0,0,0
Discipline,I keep going until my task is finished.,0,0,0
Discipline,I make sure to complete my tasks.,0,0,0
Discipline,I continue working until I finish.,0,0,0
Discipline,I always finish my tasks.,0,0,0
Discipline,I don't stop until I complete my task.,0,0,0
Discipline,I stay focused until my task is done.,0,0,0
Discipline,I follow a task through to completion.,0,0,0
Discipline,I work on a task until it is finished.,0,0,0
Discipline,I persist with a task until it's done.,0,0,0
Discipline,I remain dedicated until my task is complete.,0,0,0
Discipline,I keep at a task until I finish it.,0,0,0
Discipline,I ensure I finish what I start.,0,0,0
Discipline,I complete tasks without giving up.,0,0,0
Discipline,I see my tasks through to completion.,0,0,0
Discipline,I stick with my tasks until they're finished.,0,0,0
Discipline,I carry out a task until it's done.,0,0,0
Discipline,I make sure to finish what I start.,0,0,0
Discipline,I don't quit until my task is complete.,0,0,0
Discipline,I complete my tasks before moving on.,0,0,0
Discipline,I stay on a task until it's finished.,0,0,0
Discipline,I keep working on a task until it's done.,0,0,0
Discipline,I persist until the task is finished.,0,0,0
Discipline,I make sure to complete the tasks I start.,0,0,0
Discipline,I finish a task once I begin it.,0,0,0
Adaptable Execution,I change my plans when situations are different.,0,0,0
Adaptable Execution,I make new plans when things turn out differently.,0,0,0
Adaptable Execution,I adapt my plans when circumstances shift.,0,0,0
Adaptable Execution,I modify my plans when there are changes.,0,0,0
Adaptable Execution,I alter my plans when things don't go as expected.,0,0,0
Adaptable Execution,I adjust my schedule when things are different.,0,0,0
Adaptable Execution,I revise my plans when changes happen.,0,0,0
Adaptable Execution,I update my plans when things are not the same.,0,0,0
Adaptable Execution,I change my schedule when situations change.,0,0,0
Adaptable Execution,I adapt to new situations by changing my plans.,0,0,0
Adaptable Execution,I alter my schedule when circumstances change.,0,0,0
Adaptable Execution,I make adjustments to my plans when needed.,0,0,0
Adaptable Execution,I shift my plans when things are different.,0,0,0
Adaptable Execution,I make changes to my plans when situations evolve.,0,0,0
Adaptable Execution,I adapt my schedule when there are changes.,0,0,0
Adaptable Execution,I revise my schedule when things change.,0,0,0
Adaptable Execution,I adjust my actions when plans change.,0,0,0
Adaptable Execution,I modify my schedule when things don't go as planned.,0,0,0
Adaptable Execution,I adapt my approach when things are different.,0,0,0
Adaptable Execution,I make alterations to my plans when necessary.,0,0,0
Adaptable Execution,I change my approach when circumstances shift.,0,0,0
Adaptable Execution,I update my schedule when changes occur.,0,0,0
Adaptable Execution,I shift my schedule when things change.,0,0,0
Adaptable Execution,I make adjustments to my schedule when things change.,0,0,0
Adaptable Execution,I alter my approach when situations change.,0,0,0
Adaptable Execution,I adapt my arrangements when things change.,0,0,0
Adaptable Execution,I change my arrangements when circumstances change.,0,0,0
Adaptable Execution,I modify my approach when things don't go as expected.,0,0,0
Resilience,I recover quickly from difficulties.,0,0,0
Resilience,I get back on track after problems.,0,0,0
Resilience,I regain my strength after challenges.,0,0,0
Resilience,I return to normal after setbacks.,0,0,0
Resilience,I overcome obstacles and move forward.,0,0,0
Resilience,I manage to continue after setbacks.,0,0,0
Resilience,I find my way back after failures.,0,0,0
Resilience,I rise up after facing problems.,0,0,0
Resilience,I get through tough times and carry on.,0,0,0
Resilience,I handle setbacks and keep going.,0,0,0
Resilience,I come back strong after difficulties.,0,0,0
Resilience,I persist after experiencing setbacks.,0,0,0
Resilience,I keep moving forward after challenges.,0,0,0
Resilience,I adapt and recover from setbacks.,0,0,0
Resilience,I regain my balance after falling behind.,0,0,0
Resilience,I stay positive after facing difficulties.,0,0,0
Resilience,I rebuild my strength after setbacks.,0,0,0
Resilience,I adjust and continue after obstacles.,0,0,0
Resilience,I maintain my progress after problems.,0,0,0
Resilience,I pick myself up after things go wrong.,0,0,0
Resilience,I go back to normal after setbacks.,0,0,0
Resilience,I stay resilient after facing challenges.,0,0,0
Resilience,I restore my focus after setbacks.,0,0,0
Resilience,I remain determined after difficulties.,0,0,0
Resilience,I find my strength again after setbacks.,0,0,0
Resilience,I rise above problems and continue on.,0,0,0
Resilience,I recover and keep on going after setbacks.,0,0,0
Resilience,I get back to where I was after obstacles.,0,0,0
Initiative,I take initiative on my own.,0,0,0
Initiative,I make decisions without being asked.,0,0,0
Initiative,I do things without instructions.,0,0,0
Initiative,I choose to act independently.,0,0,0
Initiative,I handle tasks without waiting for orders.,0,0,0
Initiative,I decide what to do by myself.,0,0,0
Initiative,I move forward without needing prompts.,0,0,0
Initiative,I start tasks on my own.,0,0,0
Initiative,I take action without guidance.,0,0,0
Initiative,I work without needing direction.,0,0,0
Initiative,I proceed without anyone telling me.,0,0,0
Initiative,I complete tasks without being directed.,0,0,0
Initiative,I tackle problems on my own.,0,0,0
Initiative,I make a move without being told.,0,0,0
Initiative,I act on my own accord.,0,0,0
Initiative,I manage tasks without being instructed.,0,0,0
Initiative,I begin projects without waiting for approval.,0,0,0
Initiative,I do my tasks without being told.,0,0,0
Initiative,I take steps without needing to be told.,0,0,0
Initiative,I perform actions without waiting for instructions.,0,0,0
Initiative,I go ahead without needing to be asked.,0,0,0
Initiative,I engage in tasks independently.,0,0,0
Initiative,I start working without waiting for someone to tell me.,0,0,0
Initiative,I do things on my own initiative.,0,0,0
Initiative,I take responsibility without being prompted.,0,0,0
Initiative,I decide my actions independently.,0,0,0
Initiative,I initiate actions without being directed.,0,0,0
Initiative,I proceed with tasks without waiting for orders.,0,0,0
Efficiency,I complete my work quickly.,0,0,0
Efficiency,I do my tasks faster than usual.,0,0,0
Efficiency,I manage to finish jobs swiftly.,0,0,0
Efficiency,I handle my assignments in less time.,0,0,0
Efficiency,I wrap up my duties fast.,0,0,0
Efficiency,I get my work done promptly.,0,0,0
Efficiency,I finish my projects rapidly.,0,0,0
Efficiency,I complete tasks faster than expected.,0,0,0
Efficiency,I quickly finish what I start.,0,0,0
Efficiency,I efficiently complete my assignments.,0,0,0
Efficiency,I do my jobs in a shorter time.,0,0,0
Efficiency,I complete my tasks with speed.,0,0,0
Efficiency,I accomplish my work in a brief time.,0,0,0
Efficiency,I finalize my tasks quickly.,0,0,0
Efficiency,I finish my assignments in a short period.,0,0,0
Efficiency,I do my duties in less time.,0,0,0
Efficiency,I end my work swiftly.,0,0,0
Efficiency,I complete my jobs promptly.,0,0,0
Efficiency,I work through tasks at a fast pace.,0,0,0
Efficiency,I finish my work earlier than planned.,0,0,0
Efficiency,I handle my jobs efficiently.,0,0,0
Efficiency,I complete my duties rapidly.,0,0,0
Efficiency,I achieve my tasks in a short time.,0,0,0
Efficiency,I perform my work quickly.,0,0,0
Efficiency,I finish tasks with speed.,0,0,0
Efficiency,I complete tasks in a shorter time.,0,0,0
Efficiency,I accomplish my assignments swiftly.,0,0,0
Efficiency,I end my tasks in less time.,0,0,0
Responsibility,I am responsible for the results of my work.,0,0,0
Responsibility,I take charge of the outcomes of my work.,0,0,0
Responsibility,I handle the results of my work.,0,0,0
Responsibility,I am accountable for what comes from my work.,0,0,0
Responsibility,I manage the results of my work.,0,0,0
Responsibility,I take responsibility for my work outcomes.,0,0,0
Responsibility,I am in charge of the results of my work.,0,0,0
Responsibility,I am answerable for the outcomes of my work.,0,0,0
Responsibility,I control the results of my work.,0,0,0
Responsibility,I deal with the outcomes of my work.,0,0,0
Responsibility,I am in control of my work outcomes.,0,0,0
Responsibility,I ensure the results of my work are mine.,0,0,0
Responsibility,I am responsible for what happens with my work.,0,0,0
Responsibility,I oversee the results of my work.,0,0,0
Responsibility,I accept the outcomes of my work.,0,0,0
Responsibility,I look after the results of my work.,0,0,0
Responsibility,I direct the outcomes of my work.,0,0,0
Responsibility,I am in charge of what my work produces.,0,0,0
Responsibility,I manage what results from my work.,0,0,0
Responsibility,I am the owner of my work outcomes.,0,0,0
Responsibility,I see the results of my work as my responsibility.,0,0,0
Responsibility,I am answerable for the results of my work.,0,0,0
Responsibility,I own the results that come from my work.,0,0,0
Responsibility,I am responsible for the effects of my work.,0,0,0
Responsibility,I control the outcomes that come from my work.,0,0,0
Responsibility,I am accountable for the results of my work.,0,0,0
Responsibility,I take ownership of what results from my work.,0,0,0
Responsibility,I am the one who deals with my work outcomes.,0,0,0
Ethics,I live in a way that matches my beliefs.,0,0,0
Ethics,I make decisions based on my principles.,0,0,0
Ethics,I follow my personal values in my actions.,0,0,0
Ethics,I behave in a way that reflects my values.,0,0,0
Ethics,I choose actions that align with what I believe.,0,0,0
Ethics,I stay true to my values in how I act.,0,0,0
Ethics,I act in line with my principles.,0,0,0
Ethics,I make choices that fit my values.,0,0,0
Ethics,I live according to what I believe is right.,0,0,0
Ethics,I let my values guide my actions.,0,0,0
Ethics,I act consistently with my beliefs.,0,0,0
Ethics,I follow my beliefs in daily life.,0,0,0
Ethics,I make choices that reflect my principles.,0,0,0
Ethics,I align my actions with my personal values.,0,0,0
Ethics,I live by my own set of values.,0,0,0
Ethics,I let my values influence my decisions.,0,0,0
Ethics,I act in accordance with what I believe.,0,0,0
Ethics,I choose to follow my values in life.,0,0,0
Ethics,I take actions that are based on my values.,0,0,0
Ethics,I stick to my values when I decide.,0,0,0
Ethics,I let my beliefs shape my actions.,0,0,0
Ethics,I stay aligned with my values in my actions.,0,0,0
Ethics,I follow my values in everything I do.,0,0,0
Ethics,I let my principles guide my behavior.,0,0,0
Ethics,I act in a way that aligns with my beliefs.,0,0,0
Ethics,I make decisions that are true to my values.,0,0,0
Ethics,I live my life according to my principles.,0,0,0
Ethics,I follow the values I believe in.,0,0,0
Reliability,I always meet my deadlines.,0,0,0
Reliability,I am always punctual with my deliveries.,0,0,0
Reliability,I consistently finish my tasks on schedule.,0,0,0
Reliability,I make sure to deliver everything on time.,0,0,0
Reliability,I stick to my deadlines every time.,0,0,0
Reliability,I regularly deliver my work punctually.,0,0,0
Reliability,I ensure timely delivery in all my projects.,0,0,0
Reliability,I am prompt in delivering my assignments.,0,0,0
Reliability,I always complete my deliveries on time.,0,0,0
Reliability,I am always on schedule with my deliveries.,0,0,0
Reliability,I make sure to be on time with my work.,0,0,0
Reliability,I consistently deliver my tasks when expected.,0,0,0
Reliability,I always deliver my projects when required.,0,0,0
Reliability,I meet my deadlines without delay.,0,0,0
Reliability,I make timely deliveries in my work.,0,0,0
Reliability,I always finish my tasks on time.,0,0,0
Reliability,I deliver my assignments promptly.,0,0,0
Reliability,I ensure all my deliveries are on time.,0,0,0
Reliability,I am reliable with my delivery times.,0,0,0
Reliability,I regularly meet all my deadlines.,0,0,0
Reliability,I am consistent in delivering on schedule.,0,0,0
Reliability,I always make sure my deliveries are punctual.,0,0,0
Reliability,I complete my work on time every time.,0,0,0
Reliability,I ensure my projects are delivered promptly.,0,0,0
Reliability,I am dependable with my delivery times.,0,0,0
Reliability,I always manage to deliver on time.,0,0,0
Reliability,I keep up with my delivery schedule consistently.,0,0,0
Reliability,I always fulfill my deadlines efficiently.,0,0,0
Patience,I remain relaxed while waiting.,0,0,0
Patience,I keep my cool when I have to wait.,0,0,0
Patience,I feel composed when I am waiting.,0,0,0
Patience,I am patient when I wait.,0,0,0
Patience,I do not get upset while waiting.,0,0,0
Patience,I am calm when I have to wait.,0,0,0
Patience,I stay composed during times of waiting.,0,0,0
Patience,I keep calm as I wait.,0,0,0
Patience,I maintain my calmness when waiting.,0,0,0
Patience,I am at ease while waiting.,0,0,0
Patience,I stay relaxed when I need to wait.,0,0,0
Patience,I feel relaxed when I wait.,0,0,0
Patience,I am not bothered by waiting.,0,0,0
Patience,I keep a calm attitude while waiting.,0,0,0
Patience,I manage to stay calm when waiting.,0,0,0
Patience,I wait patiently without stress.,0,0,0
Patience,I remain patient when I wait.,0,0,0
Patience,I possess a calm demeanor while waiting.,0,0,0
Patience,I handle waiting with calmness.,0,0,0
Patience,I maintain my patience when waiting.,0,0,0
Patience,I am serene when I wait.,0,0,0
Patience,I am steady when I have to wait.,0,0,0
Patience,I handle waiting peacefully.,0,0,0
Patience,I am tranquil while waiting.,0,0,0
Patience,I keep a peaceful mind when waiting.,0,0,0
Patience,I stay cool when I am waiting.,0,0,0
Patience,I manage to stay composed while waiting.,0,0,0
Organising,I organize my tasks and information well.,0,0,0
Organising,I make sure my work and data are organized.,0,0,0
Organising,I arrange my responsibilities and data neatly.,0,0,0
Organising,I keep my tasks and records organized.,0,0,0
Organising,I manage my tasks and information effectively.,0,0,0
Organising,I keep my activities and data in order.,0,0,0
Organising,I maintain my tasks and information well.,0,0,0
Organising,I organize my work and data clearly.,0,0,0
Organising,I handle my tasks and data in an organized way.,0,0,0
Organising,I maintain order in my tasks and information.,0,0,0
Organising,I keep my duties and data orderly.,0,0,0
Organising,I ensure my tasks and data are well-organized.,0,0,0
Organising,I arrange my work and data systematically.,0,0,0
Organising,I keep everything in order with my tasks and information.,0,0,0
Organising,I keep my activities and information organized.,0,0,0
Organising,I manage my duties and data efficiently.,0,0,0
Organising,I ensure my tasks and data are in order.,0,0,0
Organising,I organize my responsibilities and information well.,0,0,0
Organising,I keep my work and records organized.,0,0,0
Organising,I arrange my tasks and data clearly.,0,0,0
Organising,I make sure my tasks and information are tidy.,0,0,0
Organising,I manage my activities and data in an orderly way.,0,0,0
Organising,I maintain my work and information neatly.,0,0,0
Organising,I make sure my responsibilities and data are organized.,0,0,0
Organising,I keep my duties and information in order.,0,0,0
Organising,I arrange my activities and records systematically.,0,0,0
Organising,I handle my responsibilities and data well.,0,0,0
Organising,I keep my work and information in good order.,0,0,0
Safety Orientation,I try to prevent accidents from happening.,0,0,0
Safety Orientation,I make sure to stay safe to avoid accidents.,0,0,0
Safety Orientation,I am careful to reduce the risk of accidents.,0,0,0
Safety Orientation,I act to prevent accidents in my daily life.,0,0,0
Safety Orientation,I ensure I am safe to avoid any accidents.,0,0,0
Safety Orientation,I practice safety to prevent accidents.,0,0,0
Safety Orientation,I make an effort to avoid accidents.,0,0,0
Safety Orientation,I take actions to prevent accidents from occurring.,0,0,0
Safety Orientation,I do my best to stay away from accidents.,0,0,0
Safety Orientation,I follow safety measures to avoid accidents.,0,0,0
Safety Orientation,I take precautions to keep accidents away.,0,0,0
Safety Orientation,I use care to prevent accidents in my activities.,0,0,0
Safety Orientation,I aim to avoid accidents in everything I do.,0,0,0
Safety Orientation,I adopt safe practices to prevent accidents.,0,0,0
Safety Orientation,I focus on safety to avoid accidents.,0,0,0
Safety Orientation,I take care to prevent accidents during my tasks.,0,0,0
Safety Orientation,I watch out for risks to avoid accidents.,0,0,0
Safety Orientation,I maintain safety to prevent accidents.,0,0,0
Safety Orientation,I use caution to avoid accidents.,0,0,0
Safety Orientation,I carry out actions that prevent accidents.,0,0,0
Safety Orientation,I keep alert to avoid any accidents.,0,0,0
Safety Orientation,I plan my actions to prevent accidents.,0,0,0
Safety Orientation,I work to ensure I don't have accidents.,0,0,0
Safety Orientation,I follow guidelines to stay free from accidents.,0,0,0
Safety Orientation,I think ahead to avoid accidents.,0,0,0
Safety Orientation,I use safe methods to prevent accidents.,0,0,0
Safety Orientation,I make sure my actions don't lead to accidents.,0,0,0
Safety Orientation,I take deliberate steps to prevent accidents.,0,0,0
Empathy,I understand how other people feel.,0,0,0
Empathy,I sense the emotions of others.,0,0,0
Empathy,I can tell what others are feeling.,0,0,0
Empathy,I recognize the feelings of other people.,0,0,0
Empathy,I am aware of other people's emotions.,0,0,0
Empathy,I notice how others are feeling.,0,0,0
Empathy,I pick up on other people's emotions.,0,0,0
Empathy,I perceive the emotions of others.,0,0,0
Empathy,I am sensitive to how others feel.,0,0,0
Empathy,I connect with the emotions of others.,0,0,0
Empathy,I empathize with other people's feelings.,0,0,0
Empathy,I relate to the emotions of others.,0,0,0
Empathy,I detect the feelings of other people.,0,0,0
Empathy,I am in tune with others' emotions.,0,0,0
Empathy,I grasp how others are feeling.,0,0,0
Empathy,I feel the emotions of those around me.,0,0,0
Empathy,I comprehend the feelings of others.,0,0,0
Empathy,I identify with other people's emotions.,0,0,0
Empathy,I experience the emotions of others.,0,0,0
Empathy,I am in touch with others' feelings.,0,0,0
Empathy,I respond to other people's emotions.,0,0,0
Empathy,I acknowledge how others are feeling.,0,0,0
Empathy,I am receptive to other people's emotions.,0,0,0
Empathy,I interpret the feelings of others.,0,0,0
Empathy,I read the emotions of other people.,0,0,0
Empathy,I am mindful of others' emotions.,0,0,0
Empathy,I pick up on what others feel.,0,0,0
Empathy,I absorb the emotions of those around me.,0,0,0
Social Awareness,I understand social signals well.,0,0,0
Social Awareness,I am good at picking up social cues.,0,0,0
Social Awareness,I notice social hints quickly.,0,0,0
Social Awareness,I easily recognize social signs.,0,0,0
Social Awareness,I can read social gestures accurately.,0,0,0
Social Awareness,I am skilled at understanding social cues.,0,0,0
Social Awareness,I catch on to social signals fast.,0,0,0
Social Awareness,I interpret social cues correctly.,0,0,0
Social Awareness,I grasp social hints effectively.,0,0,0
Social Awareness,I am aware of social signals around me.,0,0,0
Social Awareness,I perceive social cues clearly.,0,0,0
Social Awareness,I identify social signs with ease.,0,0,0
Social Awareness,I am good at noticing social gestures.,0,0,0
Social Awareness,I understand the meaning of social signals.,0,0,0
Social Awareness,I can see social hints clearly.,0,0,0
Social Awareness,I am able to read social signs well.,0,0,0
Social Awareness,I pick up on social cues easily.,0,0,0
Social Awareness,I can spot social signals quickly.,0,0,0
Social Awareness,I am adept at noticing social hints.,0,0,0
Social Awareness,I understand the meaning of social gestures.,0,0,0
Social Awareness,I read social signals with accuracy.,0,0,0
Social Awareness,I am aware of social gestures.,0,0,0
Social Awareness,I detect social cues without difficulty.,0,0,0
Social Awareness,I am good at reading social hints.,0,0,0
Social Awareness,I comprehend social signals effortlessly.,0,0,0
Social Awareness,I can interpret social signs well.,0,0,0
Social Awareness,I am sensitive to social cues.,0,0,0
Social Awareness,I easily notice changes in social signals.,0,0,0
Collaboration,I work together with others to reach common goals.,0,0,0
Collaboration,I join efforts with others to achieve shared objectives.,0,0,0
Collaboration,I participate in teamwork to accomplish mutual aims.,0,0,0
Collaboration,I collaborate with my team to fulfill our goals.,0,0,0
Collaboration,I contribute to group activities to meet shared targets.,0,0,0
Collaboration,I help others in reaching our common goals.,0,0,0
Collaboration,I engage with others to reach collective objectives.,0,0,0
Collaboration,I take part in group work to achieve the same goals.,0,0,0
Collaboration,I combine efforts with others to reach our aims.,0,0,0
Collaboration,I assist my team in achieving joint goals.,0,0,0
Collaboration,I unite with others to accomplish shared aims.,0,0,0
Collaboration,I support others in achieving our mutual objectives.,0,0,0
Collaboration,I partner with others to fulfill common goals.,0,0,0
Collaboration,I share efforts with my team to meet our objectives.,0,0,0
Collaboration,I involve myself in teamwork to reach our goals.,0,0,0
Collaboration,I work with others to achieve common targets.,0,0,0
Collaboration,I team up with my group to accomplish our aims.,0,0,0
Collaboration,I participate in joint efforts to reach shared goals.,0,0,0
Collaboration,I cooperate with my team to achieve mutual objectives.,0,0,0
Collaboration,I collaborate with others to reach common targets.,0,0,0
Collaboration,I work alongside others to fulfill shared goals.,0,0,0
Collaboration,I engage in group activities to achieve our aims.,0,0,0
Collaboration,I contribute to teamwork to meet our objectives.,0,0,0
Collaboration,I combine my efforts with others to accomplish our goals.,0,0,0
Collaboration,I join forces with my team to reach shared objectives.,0,0,0
Collaboration,I support group efforts to achieve common aims.,0,0,0
Collaboration,I work in harmony with others to reach mutual goals.,0,0,0
Collaboration,I assist in teamwork to achieve our common objectives.,0,0,0
Trust Building,I gain the trust of other people.,0,0,0
Trust Building,I build confidence in those around me.,0,0,0
Trust Building,I inspire trust in others.,0,0,0
Trust Building,I make others feel confident in me.,0,0,0
Trust Building,I establish trust with people.,0,0,0
Trust Building,I win the confidence of others.,0,0,0
Trust Building,I develop trust with others.,0,0,0
Trust Building,I earn people's trust.,0,0,0
Trust Building,I create a sense of trust with others.,0,0,0
Trust Building,I foster confidence in others.,0,0,0
Trust Building,I have the trust of the people around me.,0,0,0
Trust Building,I am trusted by others.,0,0,0
Trust Building,I instill confidence in people.,0,0,0
Trust Building,I achieve the trust of others.,0,0,0
Trust Building,I secure the trust of others.,0,0,0
Trust Building,I am someone others trust.,0,0,0
Trust Building,I gain people's confidence.,0,0,0
Trust Building,I inspire confidence in those around me.,0,0,0
Trust Building,I am trusted by people.,0,0,0
Trust Building,I create confidence in others.,0,0,0
Trust Building,I have gained the trust of others.,0,0,0
Trust Building,I earn the trust of those I meet.,0,0,0
Trust Building,I make people feel they can trust me.,0,0,0
Trust Building,I am seen as trustworthy by others.,0,0,0
Trust Building,I cultivate confidence in others.,0,0,0
Trust Building,I have earned confidence from others.,0,0,0
Trust Building,I am someone people can trust.,0,0,0
Trust Building,I build a trustful relationship with others.,0,0,0
Inclusiveness,I appreciate hearing different opinions.,0,0,0
Inclusiveness,I enjoy listening to various points of view.,0,0,0
Inclusiveness,I like considering different perspectives.,0,0,0
Inclusiveness,I accept ideas from different people.,0,0,0
Inclusiveness,I am open to different opinions.,0,0,0
Inclusiveness,I value hearing new viewpoints.,0,0,0
Inclusiveness,I enjoy discussing various ideas.,0,0,0
Inclusiveness,I am interested in different perspectives.,0,0,0
Inclusiveness,I embrace different ways of thinking.,0,0,0
Inclusiveness,I appreciate diverse opinions.,0,0,0
Inclusiveness,I enjoy learning from different viewpoints.,0,0,0
Inclusiveness,I am curious about other perspectives.,0,0,0
Inclusiveness,I respect different opinions.,0,0,0
Inclusiveness,I appreciate diverse points of view.,0,0,0
Inclusiveness,I listen to various perspectives.,0,0,0
Inclusiveness,I value diverse opinions.,0,0,0
Inclusiveness,I am open to hearing new ideas.,0,0,0
Inclusiveness,I appreciate different ways of thinking.,0,0,0
Inclusiveness,I welcome new opinions.,0,0,0
Inclusiveness,I enjoy understanding various viewpoints.,0,0,0
Inclusiveness,I am interested in hearing different ideas.,0,0,0
Inclusiveness,I value listening to others' perspectives.,0,0,0
Inclusiveness,I am open to diverse thoughts.,0,0,0
Inclusiveness,I enjoy considering other people's viewpoints.,0,0,0
Inclusiveness,I appreciate hearing new perspectives.,0,0,0
Inclusiveness,I welcome hearing different ideas.,0,0,0
Inclusiveness,I like exploring different opinions.,0,0,0
Inclusiveness,I enjoy learning about diverse viewpoints.,0,0,0
Mentorship,I support people in learning new skills.,0,0,0
Mentorship,I assist others in building their abilities.,0,0,0
Mentorship,I guide others to improve their skills.,0,0,0
Mentorship,I coach people to enhance their skills.,0,0,0
Mentorship,I encourage others to develop their abilities.,0,0,0
Mentorship,I help others to learn new skills.,0,0,0
Mentorship,I aid people in improving their skills.,0,0,0
Mentorship,I contribute to others' skill development.,0,0,0
Mentorship,I teach others to gain new skills.,0,0,0
Mentorship,I facilitate skill growth in others.,0,0,0
Mentorship,I mentor people in skill development.,0,0,0
Mentorship,I lead others in developing new abilities.,0,0,0
Mentorship,I foster skill advancement in others.,0,0,0
Mentorship,I help individuals improve their skills.,0,0,0
Mentorship,I enable others to acquire new skills.,0,0,0
Mentorship,I play a role in others' skill building.,0,0,0
Mentorship,I assist people in enhancing their skills.,0,0,0
Mentorship,I offer support in skill development.,0,0,0
Mentorship,I inspire others to develop their skills.,0,0,0
Mentorship,I help others master new skills.,0,0,0
Mentorship,I empower others to improve their skills.,0,0,0
Mentorship,I participate in skill-building activities for others.,0,0,0
Mentorship,I encourage skill growth in others.,0,0,0
Mentorship,I help people to develop their abilities.,0,0,0
Mentorship,I guide individuals in learning new skills.,0,0,0
Mentorship,I provide help for others to gain skills.,0,0,0
Mentorship,I help others to enhance their abilities.,0,0,0
Mentorship,I assist in others' skill improvement.,0,0,0
Persuasion,I am able to persuade people to accept my viewpoints.,0,0,0
Persuasion,I have the ability to get others to agree with me.,0,0,0
Persuasion,I can make people see things from my perspective.,0,0,0
Persuasion,I am successful in getting my ideas across to others.,0,0,0
Persuasion,I can effectively argue my point of view.,0,0,0
Persuasion,I have the skill to convince people of my opinions.,0,0,0
Persuasion,I can communicate my ideas in a way that others understand.,0,0,0
Persuasion,I am capable of influencing others with my thoughts.,0,0,0
Persuasion,I can present my ideas in a convincing manner.,0,0,0
Persuasion,I successfully share my thoughts with others.,0,0,0
Persuasion,I can talk to others and get them to see my side.,0,0,0
Persuasion,I am proficient at explaining my ideas to others.,0,0,0
Persuasion,I am good at making my ideas clear to others.,0,0,0
Persuasion,I can express my thoughts in a way that persuades others.,0,0,0
Persuasion,I can get others to consider my ideas seriously.,0,0,0
Persuasion,I am able to influence others with my arguments.,0,0,0
Persuasion,I can communicate my thoughts in a way that convinces people.,0,0,0
Persuasion,I am skilled at presenting my ideas to others effectively.,0,0,0
Persuasion,I can make others understand and accept my ideas.,0,0,0
Persuasion,I can persuade others to agree with my opinions.,0,0,0
Persuasion,I have the confidence to share my ideas with others.,0,0,0
Persuasion,I can express my opinions in a way that others find convincing.,0,0,0
Persuasion,I am effective at getting others to listen to my ideas.,0,0,0
Persuasion,I can influence others to see my point of view.,0,0,0
Persuasion,I am able to make others understand my perspective.,0,0,0
Persuasion,I can articulate my ideas so others agree with them.,0,0,0
Persuasion,I have the ability to present my ideas convincingly.,0,0,0
Persuasion,I can demonstrate my ideas in a way that persuades others.,0,0,0
Storytelling,I use stories to explain my ideas.,0,0,0
Storytelling,I tell stories to communicate my thoughts.,0,0,0
Storytelling,I share my ideas through storytelling.,0,0,0
Storytelling,I convey my thoughts using stories.,0,0,0
Storytelling,I present my ideas by telling stories.,0,0,0
Storytelling,I use narratives to explain my ideas.,0,0,0
Storytelling,I describe ideas with stories.,0,0,0
Storytelling,I express my ideas through storytelling.,0,0,0
Storytelling,I illustrate my thoughts by telling stories.,0,0,0
Storytelling,I use storytelling to share my ideas.,0,0,0
Storytelling,I tell stories to express my ideas.,0,0,0
Storytelling,I use stories to convey my thoughts.,0,0,0
Storytelling,I communicate ideas with stories.,0,0,0
Storytelling,I explain my thoughts through storytelling.,0,0,0
Storytelling,I share my thoughts by telling stories.,0,0,0
Storytelling,I use stories to describe my ideas.,0,0,0
Storytelling,I present my thoughts using stories.,0,0,0
Storytelling,I express thoughts by telling stories.,0,0,0
Storytelling,I communicate my ideas through stories.,0,0,0
Storytelling,I explain concepts using stories.,0,0,0
Storytelling,I tell stories to describe my ideas.,0,0,0
Storytelling,I use storytelling to convey my thoughts.,0,0,0
Storytelling,I express ideas by telling stories.,0,0,0
Storytelling,I share ideas through storytelling.,0,0,0
Storytelling,I use narratives to communicate my thoughts.,0,0,0
Storytelling,I illustrate ideas with stories.,0,0,0
Storytelling,I tell stories to share my thoughts.,0,0,0
Storytelling,I describe thoughts using stories.,0,0,0
Confidence,I show confidence in my actions.,0,0,0
Confidence,I appear sure of myself.,0,0,0
Confidence,I convey a sense of confidence.,0,0,0
Confidence,I express self-confidence in my behavior.,0,0,0
Confidence,I demonstrate assurance in my demeanor.,0,0,0
Confidence,I act with self-assurance.,0,0,0
Confidence,I have a confident presence.,0,0,0
Confidence,I seem self-assured to others.,0,0,0
Confidence,I carry myself confidently.,0,0,0
Confidence,I give off a confident vibe.,0,0,0
Confidence,I exude self-confidence.,0,0,0
Confidence,I present myself with assurance.,0,0,0
Confidence,I maintain a confident attitude.,0,0,0
Confidence,I display confidence in my interactions.,0,0,0
Confidence,I radiate self-assurance.,0,0,0
Confidence,I possess a confident manner.,0,0,0
Confidence,I reflect confidence in my gestures.,0,0,0
Confidence,I behave with self-assurance.,0,0,0
Confidence,I show assurance in my speech.,0,0,0
Confidence,I project a confident image.,0,0,0
Confidence,I reveal confidence in my approach.,0,0,0
Confidence,I come across as self-assured.,0,0,0
Confidence,I exhibit confidence naturally.,0,0,0
Confidence,I have a self-assured style.,0,0,0
Confidence,I communicate confidence in my words.,0,0,0
Confidence,I express assurance in my actions.,0,0,0
Confidence,I demonstrate confidence in my choices.,0,0,0
Confidence,I embody a confident attitude.,0,0,0
Energising,I boost the team's spirits.,0,0,0
Energising,I help the group feel more positive.,0,0,0
Energising,I encourage my team to stay motivated.,0,0,0
Energising,I bring a positive attitude to the group.,0,0,0
Energising,I make sure everyone feels good in the team.,0,0,0
Energising,I inspire my colleagues to stay upbeat.,0,0,0
Energising,I support the team's morale.,0,0,0
Energising,I create a positive atmosphere in the group.,0,0,0
Energising,I help lift the team's mood.,0,0,0
Energising,I encourage a positive vibe in the team.,0,0,0
Energising,I keep the group's energy high.,0,0,0
Energising,I cheer up my teammates.,0,0,0
Energising,I help my group feel encouraged.,0,0,0
Energising,I make the team feel more optimistic.,0,0,0
Energising,I help my team stay cheerful.,0,0,0
Energising,I bring enthusiasm to the group.,0,0,0
Energising,I improve the team's morale.,0,0,0
Energising,I uplift the group's spirit.,0,0,0
Energising,I help my team feel more confident.,0,0,0
Energising,I energize the group with positivity.,0,0,0
Energising,I raise the team's morale.,0,0,0
Energising,I motivate my group to stay positive.,0,0,0
Energising,I enhance the group's spirit.,0,0,0
Energising,I help the team stay motivated.,0,0,0
Energising,I promote a good mood in the team.,0,0,0
Energising,I keep the team's spirits high.,0,0,0
Energising,I bring encouragement to the group.,0,0,0
Energising,I foster a positive spirit in the team.,0,0,0
Negotiation,I make agreements that make everyone happy.,0,0,0
Negotiation,I negotiate deals that are fair for everyone.,0,0,0
Negotiation,I create solutions that please all parties.,0,0,0
Negotiation,I find compromises that satisfy everyone involved.,0,0,0
Negotiation,I settle arrangements that work for all sides.,0,0,0
Negotiation,I develop agreements that everyone agrees with.,0,0,0
Negotiation,I come to decisions that suit everyone.,0,0,0
Negotiation,I ensure deals meet everyone's needs.,0,0,0
Negotiation,I arrange agreements that benefit all involved.,0,0,0
Negotiation,I achieve outcomes that all parties like.,0,0,0
Negotiation,I craft deals that make everyone satisfied.,0,0,0
Negotiation,I organize agreements that everyone supports.,0,0,0
Negotiation,I reach solutions that all sides appreciate.,0,0,0
Negotiation,I establish deals that everyone finds acceptable.,0,0,0
Negotiation,I finalize agreements that leave everyone content.,0,0,0
Negotiation,I conclude negotiations with everyone's satisfaction in mind.,0,0,0
Negotiation,I secure deals that are good for all parties.,0,0,0
Negotiation,I work out arrangements that satisfy every side.,0,0,0
Negotiation,I get results that all parties are happy with.,0,0,0
Negotiation,I manage to make agreements that everyone is pleased with.,0,0,0
Negotiation,I produce outcomes that satisfy everyone involved.,0,0,0
Negotiation,I strike deals that are satisfactory for all sides.,0,0,0
Negotiation,I accomplish agreements that everyone can agree on.,0,0,0
Negotiation,I navigate deals that keep everyone satisfied.,0,0,0
Negotiation,I handle negotiations that result in mutual satisfaction.,0,0,0
Negotiation,I perform negotiations that everyone benefits from.,0,0,0
Negotiation,I succeed in creating deals that all sides approve.,0,0,0
Negotiation,I bring about agreements that everyone accepts.,0,0,0
Vision Casting,I create a vision for the future.,0,0,0
Vision Casting,I draw an inspiring picture of what lies ahead.,0,0,0
Vision Casting,I design a motivating future.,0,0,0
Vision Casting,I illustrate a bright future.,0,0,0
Vision Casting,I imagine a future full of possibilities.,0,0,0
Vision Casting,I envision an exciting future.,0,0,0
Vision Casting,I plan a future that is interesting.,0,0,0
Vision Casting,I sketch a future full of promise.,0,0,0
Vision Casting,I craft a hopeful vision for tomorrow.,0,0,0
Vision Casting,I form a picture of a future worth looking forward to.,0,0,0
Vision Casting,I outline a future that excites people.,0,0,0
Vision Casting,I shape a future that attracts attention.,0,0,0
Vision Casting,I develop a vision for a future full of hope.,0,0,0
Vision Casting,I present a future that inspires others.,0,0,0
Vision Casting,I project an engaging future.,0,0,0
Vision Casting,I portray a future that captivates the mind.,0,0,0
Vision Casting,I conceive a future that is appealing.,0,0,0
Vision Casting,I articulate a future that is full of interest.,0,0,0
Vision Casting,I convey a future that holds promise.,0,0,0
Vision Casting,I depict a future that is exciting.,0,0,0
Vision Casting,I express a vision of a future that fascinates.,0,0,0
Vision Casting,I represent a future that is full of excitement.,0,0,0
Vision Casting,I map out a future that is inspiring.,0,0,0
Vision Casting,I lay out a future that holds potential.,0,0,0
Vision Casting,I chart a future that draws attention.,0,0,0
Vision Casting,I narrate a vision of a future that is compelling.,0,0,0
Vision Casting,I write about a future that draws interest.,0,0,0
Vision Casting,I speak of a future that is captivating.,0,0,0
